{"w0":0.4779188776,"w1":0.000101723,"w2":-0.0710905947,"last_value":47636104023977.546875,"pred_mean_score":6.687719548}